BAY_SEG,YEAR,MONTH,tnloadkg
1,1985,1,21544.54
1,1985,2,19334.84
1,1985,3,23297.25
1,1985,4,16200.00
1,1985,5,14848.20
1,1985,6,31814.50
1,1985,7,55494.34
1,1985,8,55642.06
1,1985,9,86097.39
1,1985,10,25243.01
1,1985,11,16761.55
1,1985,12,14716.69
1,1986,1,24024.86
1,1986,2,25874.15
1,1986,3,30962.98
1,1986,4,17153.48
1,1986,5,34278.68
1,1986,6,54056.38
1,1986,7,41209.69
1,1986,8,55256.46
1,1986,9,39820.02
1,1986,10,73793.94
1,1986,11,21803.00
1,1986,12,16080.87
1,1987,1,28159.71
1,1987,2,39462.62
1,1987,3,90814.58
1,1987,4,48266.64
1,1987,5,64082.06
1,1987,6,27361.20
1,1987,7,66728.25
1,1987,8,82363.14
1,1987,9,49329.21
1,1987,10,23633.23
1,1987,11,19209.02
1,1987,12,12656.40
1,1988,1,33567.39
1,1988,2,21823.17
1,1988,3,30867.04
1,1988,4,39540.12
1,1988,5,17942.35
1,1988,6,25305.24
1,1988,7,22349.12
1,1988,8,136513.61
1,1988,9,200692.93
1,1988,10,23281.81
1,1988,11,46888.33
1,1988,12,24023.78
1,1989,1,18475.05
1,1989,2,16486.61
1,1989,3,16513.93
1,1989,4,40006.79
1,1989,5,10888.21
1,1989,6,50785.50
1,1989,7,64071.36
1,1989,8,82753.95
1,1989,9,78161.78
1,1989,10,26404.60
1,1989,11,15488.26
1,1989,12,28510.13
1,1990,1,17031.42
1,1990,2,25856.40
1,1990,3,14948.77
1,1990,4,14427.88
1,1990,5,20087.32
1,1990,6,68368.77
1,1990,7,61109.71
1,1990,8,56070.96
1,1990,9,29426.45
1,1990,10,16599.04
1,1990,11,17662.06
1,1990,12,9366.21
1,1991,1,20240.60
1,1991,2,11326.08
1,1991,3,43301.01
1,1991,4,23068.94
1,1991,5,50819.76
1,1991,6,48974.93
1,1991,7,86271.82
1,1991,8,93200.07
1,1991,9,46330.70
1,1991,10,19683.09
1,1991,11,18552.76
1,1991,12,10480.09
1,1992,1,17560.54
1,1992,2,23586.71
1,1992,3,19776.74
1,1992,4,29295.92
1,1992,5,9870.41
1,1992,6,56289.73
1,1992,7,30313.55
1,1992,8,61562.64
1,1992,9,50950.64
1,1992,10,65447.51
1,1992,11,20087.31
1,1992,12,18897.06
1,1993,1,26139.65
1,1993,2,25073.68
1,1993,3,43209.00
1,1993,4,33534.54
1,1993,5,15866.03
1,1993,6,27064.06
1,1993,7,44675.51
1,1993,8,63942.00
1,1993,9,51474.25
1,1993,10,41732.55
1,1993,11,23244.92
1,1993,12,15441.38
1,1994,1,22574.81
1,1994,2,15237.67
1,1994,3,13083.19
1,1994,4,31539.58
1,1994,5,17917.40
1,1994,6,42440.90
1,1994,7,112737.96
1,1994,8,99149.63
1,1994,9,77381.53
1,1994,10,49096.92
1,1994,11,14102.06
1,1994,12,15711.28
2,1985,1,72683.55
2,1985,2,65639.49
2,1985,3,67215.55
2,1985,4,51602.98
2,1985,5,36689.47
2,1985,6,87911.21
2,1985,7,109336.23
2,1985,8,263995.51
2,1985,9,278726.89
2,1985,10,100780.94
2,1985,11,79220.16
2,1985,12,58350.62
2,1986,1,108456.62
2,1986,2,95469.61
2,1986,3,172674.91
2,1986,4,64991.60
2,1986,5,57255.98
2,1986,6,128435.09
2,1986,7,156284.16
2,1986,8,245904.19
2,1986,9,164380.50
2,1986,10,133111.95
2,1986,11,73261.96
2,1986,12,60587.99
2,1987,1,96242.66
2,1987,2,109592.13
2,1987,3,364799.50
2,1987,4,427297.90
2,1987,5,255897.28
2,1987,6,113851.34
2,1987,7,256768.35
2,1987,8,215105.27
2,1987,9,140324.27
2,1987,10,111072.88
2,1987,11,153231.91
2,1987,12,68861.23
2,1988,1,101965.51
2,1988,2,99526.71
2,1988,3,166315.31
2,1988,4,91434.69
2,1988,5,64487.53
2,1988,6,68801.16
2,1988,7,83651.70
2,1988,8,261344.84
2,1988,9,607296.47
2,1988,10,111195.36
2,1988,11,175711.72
2,1988,12,149663.69
2,1989,1,98128.32
2,1989,2,67028.46
2,1989,3,76989.09
2,1989,4,86970.67
2,1989,5,42236.36
2,1989,6,105213.51
2,1989,7,136405.19
2,1989,8,138611.73
2,1989,9,181925.31
2,1989,10,93813.97
2,1989,11,52260.40
2,1989,12,111474.64
2,1990,1,65768.08
2,1990,2,94013.39
2,1990,3,56627.44
2,1990,4,56784.97
2,1990,5,50463.26
2,1990,6,116476.89
2,1990,7,157699.32
2,1990,8,148970.96
2,1990,9,88672.36
2,1990,10,72517.28
2,1990,11,44572.01
2,1990,12,33676.26
2,1991,1,52632.88
2,1991,2,36154.78
2,1991,3,80272.88
2,1991,4,64220.71
2,1991,5,127283.61
2,1991,6,132060.98
2,1991,7,525901.95
2,1991,8,280360.79
2,1991,9,116864.89
2,1991,10,70707.33
2,1991,11,66516.79
2,1991,12,54383.87
2,1992,1,57558.23
2,1992,2,78415.99
2,1992,3,61887.22
2,1992,4,67251.59
2,1992,5,45632.11
2,1992,6,121611.40
2,1992,7,96247.39
2,1992,8,192404.35
2,1992,9,156569.39
2,1992,10,122505.47
2,1992,11,65130.10
2,1992,12,61881.00
2,1993,1,86593.71
2,1993,2,74733.36
2,1993,3,107142.70
2,1993,4,101254.72
2,1993,5,56504.65
2,1993,6,60130.93
2,1993,7,95853.89
2,1993,8,109404.77
2,1993,9,181894.42
2,1993,10,95365.82
2,1993,11,70356.61
2,1993,12,57383.28
2,1994,1,79830.67
2,1994,2,64143.11
2,1994,3,58883.97
2,1994,4,63001.99
2,1994,5,62277.39
2,1994,6,118524.28
2,1994,7,196453.30
2,1994,8,334883.58
2,1994,9,435282.05
2,1994,10,137382.98
2,1994,11,97227.11
2,1994,12,89429.03
3,1985,1,20168.43
3,1985,2,15994.28
3,1985,3,30099.92
3,1985,4,19738.03
3,1985,5,20325.96
3,1985,6,41157.69
3,1985,7,65041.03
3,1985,8,59539.56
3,1985,9,94508.32
3,1985,10,21842.68
3,1985,11,18475.90
3,1985,12,11918.26
3,1986,1,18880.34
3,1986,2,24147.24
3,1986,3,40471.11
3,1986,4,17950.82
3,1986,5,36073.74
3,1986,6,78997.78
3,1986,7,63695.49
3,1986,8,96357.99
3,1986,9,45119.52
3,1986,10,144017.56
3,1986,11,32342.34
3,1986,12,19208.52
3,1987,1,20462.95
3,1987,2,51733.96
3,1987,3,123224.89
3,1987,4,50162.59
3,1987,5,123724.97
3,1987,6,38906.12
3,1987,7,99700.19
3,1987,8,116987.58
3,1987,9,56808.32
3,1987,10,22760.16
3,1987,11,61946.03
3,1987,12,14124.03
3,1988,1,30523.79
3,1988,2,25747.99
3,1988,3,38831.57
3,1988,4,44741.80
3,1988,5,67709.48
3,1988,6,15964.79
3,1988,7,41639.51
3,1988,8,205021.93
3,1988,9,541563.46
3,1988,10,31290.91
3,1988,11,49173.83
3,1988,12,12023.59
3,1989,1,20364.87
3,1989,2,12887.15
3,1989,3,21236.13
3,1989,4,54361.81
3,1989,5,14047.63
3,1989,6,63208.78
3,1989,7,99561.08
3,1989,8,105401.34
3,1989,9,153278.57
3,1989,10,30824.73
3,1989,11,20883.99
3,1989,12,35257.60
3,1990,1,15336.47
3,1990,2,37922.46
3,1990,3,16133.49
3,1990,4,14834.53
3,1990,5,26807.87
3,1990,6,118777.34
3,1990,7,85281.82
3,1990,8,78959.89
3,1990,9,33549.98
3,1990,10,31412.03
3,1990,11,29932.11
3,1990,12,7690.38
3,1991,1,19922.30
3,1991,2,12651.15
3,1991,3,53621.88
3,1991,4,30736.37
3,1991,5,87958.20
3,1991,6,77821.02
3,1991,7,132189.97
3,1991,8,104579.03
3,1991,9,55765.64
3,1991,10,14828.85
3,1991,11,12478.74
3,1991,12,10166.27
3,1992,1,19873.58
3,1992,2,47703.85
3,1992,3,31619.39
3,1992,4,57788.80
3,1992,5,12462.19
3,1992,6,219406.14
3,1992,7,83629.19
3,1992,8,118103.31
3,1992,9,71118.92
3,1992,10,38052.17
3,1992,11,19320.66
3,1992,12,15024.82
3,1993,1,33551.97
3,1993,2,19999.90
3,1993,3,42553.27
3,1993,4,42576.19
3,1993,5,17044.28
3,1993,6,32464.30
3,1993,7,63643.63
3,1993,8,94717.77
3,1993,9,83193.33
3,1993,10,41585.82
3,1993,11,24047.47
3,1993,12,13439.28
3,1994,1,26212.20
3,1994,2,16181.24
3,1994,3,17158.39
3,1994,4,45027.91
3,1994,5,28021.43
3,1994,6,91935.37
3,1994,7,152048.73
3,1994,8,231225.99
3,1994,9,212137.56
3,1994,10,80690.00
3,1994,11,19226.98
3,1994,12,21511.79
4,1985,1,17768.43
4,1985,2,10409.31
4,1985,3,22219.34
4,1985,4,17344.15
4,1985,5,16501.65
4,1985,6,33321.25
4,1985,7,47707.88
4,1985,8,24833.01
4,1985,9,45747.37
4,1985,10,10938.41
4,1985,11,11852.31
4,1985,12,7675.04
4,1986,1,9488.06
4,1986,2,14573.96
4,1986,3,19187.39
4,1986,4,10112.69
4,1986,5,25914.96
4,1986,6,72206.72
4,1986,7,33354.88
4,1986,8,53262.57
4,1986,9,21774.49
4,1986,10,61475.41
4,1986,11,12942.86
4,1986,12,10587.98
4,1987,1,10672.26
4,1987,2,31909.52
4,1987,3,58020.32
4,1987,4,7737.70
4,1987,5,61403.73
4,1987,6,28323.33
4,1987,7,45337.16
4,1987,8,48781.02
4,1987,9,26032.38
4,1987,10,8638.98
4,1987,11,12606.78
4,1987,12,5357.05
4,1988,1,13699.81
4,1988,2,10125.19
4,1988,3,14462.58
4,1988,4,23532.74
4,1988,5,16442.30
4,1988,6,10756.79
4,1988,7,22211.25
4,1988,8,132024.70
4,1988,9,62771.39
4,1988,10,8118.98
4,1988,11,16852.07
4,1988,12,4050.13
4,1989,1,6904.70
4,1989,2,5074.10
4,1989,3,13258.70
4,1989,4,60254.68
4,1989,5,12826.39
4,1989,6,56014.27
4,1989,7,53014.30
4,1989,8,73307.31
4,1989,9,90782.42
4,1989,10,10480.55
4,1989,11,6888.25
4,1989,12,15244.73
4,1990,1,4935.53
4,1990,2,15833.85
4,1990,3,6641.29
4,1990,4,8311.08
4,1990,5,19454.89
4,1990,6,83364.43
4,1990,7,40862.86
4,1990,8,51290.70
4,1990,9,19909.04
4,1990,10,5975.82
4,1990,11,27644.35
4,1990,12,4758.28
4,1991,1,12556.35
4,1991,2,6975.08
4,1991,3,34743.87
4,1991,4,26835.82
4,1991,5,46185.03
4,1991,6,37170.54
4,1991,7,53871.16
4,1991,8,45349.58
4,1991,9,22442.18
4,1991,10,3960.28
4,1991,11,6644.79
4,1991,12,3940.07
4,1992,1,11123.17
4,1992,2,13153.50
4,1992,3,21817.87
4,1992,4,29136.96
4,1992,5,7208.35
4,1992,6,100153.72
4,1992,7,34659.54
4,1992,8,35971.82
4,1992,9,24962.07
4,1992,10,15496.71
4,1992,11,8688.30
4,1992,12,8077.08
4,1993,1,16285.98
4,1993,2,10588.56
4,1993,3,20029.11
4,1993,4,21410.57
4,1993,5,11653.28
4,1993,6,21716.62
4,1993,7,54416.72
4,1993,8,69376.63
4,1993,9,32712.78
4,1993,10,20380.85
4,1993,11,8545.22
4,1993,12,6084.87
4,1994,1,12732.14
4,1994,2,7898.57
4,1994,3,8241.48
4,1994,4,29207.16
4,1994,5,11169.11
4,1994,6,52670.36
4,1994,7,81992.27
4,1994,8,61821.21
4,1994,9,41474.66
4,1994,10,25477.67
4,1994,11,7300.80
4,1994,12,10687.96
5,1985,1,4968.05
5,1985,2,3949.15
5,1985,3,8082.17
5,1985,4,6044.37
5,1985,5,6342.25
5,1985,6,11866.33
5,1985,7,26936.29
5,1985,8,33937.52
5,1985,9,32283.27
5,1985,10,11129.28
5,1985,11,4765.70
5,1985,12,2943.54
5,1986,1,3663.48
5,1986,2,6861.01
5,1986,3,7810.56
5,1986,4,4910.83
5,1986,5,11481.43
5,1986,6,19851.70
5,1986,7,15979.83
5,1986,8,26241.35
5,1986,9,17581.75
5,1986,10,83233.24
5,1986,11,15845.29
5,1986,12,7266.52
5,1987,1,4730.92
5,1987,2,13123.53
5,1987,3,26078.97
5,1987,4,6698.40
5,1987,5,23566.92
5,1987,6,10524.06
5,1987,7,25360.16
5,1987,8,41419.44
5,1987,9,22933.96
5,1987,10,8582.00
5,1987,11,7233.52
5,1987,12,3325.63
5,1988,1,6150.81
5,1988,2,4322.44
5,1988,3,6986.37
5,1988,4,13837.07
5,1988,5,6446.61
5,1988,6,4876.51
5,1988,7,14439.91
5,1988,8,61637.36
5,1988,9,372270.55
5,1988,10,12616.25
5,1988,11,19657.27
5,1988,12,2982.32
5,1989,1,3293.38
5,1989,2,2872.80
5,1989,3,4511.59
5,1989,4,13591.05
5,1989,5,4404.81
5,1989,6,19725.63
5,1989,7,28675.05
5,1989,8,34639.15
5,1989,9,41490.56
5,1989,10,8527.52
5,1989,11,4399.73
5,1989,12,5682.00
5,1990,1,2775.97
5,1990,2,7235.29
5,1990,3,3565.64
5,1990,4,3509.33
5,1990,5,6827.18
5,1990,6,35162.93
5,1990,7,27767.74
5,1990,8,31260.44
5,1990,9,11898.68
5,1990,10,5610.97
5,1990,11,7195.36
5,1990,12,1718.13
5,1991,1,5820.62
5,1991,2,3110.43
5,1991,3,14459.70
5,1991,4,8473.95
5,1991,5,18099.36
5,1991,6,13954.77
5,1991,7,43659.72
5,1991,8,30114.77
5,1991,9,24177.89
5,1991,10,6242.24
5,1991,11,3563.65
5,1991,12,2027.13
5,1992,1,6436.14
5,1992,2,6167.78
5,1992,3,8966.44
5,1992,4,11843.91
5,1992,5,3667.46
5,1992,6,24875.98
5,1992,7,17100.85
5,1992,8,21152.66
5,1992,9,19274.49
5,1992,10,14739.79
5,1992,11,7264.21
5,1992,12,4533.53
5,1993,1,6997.35
5,1993,2,5985.01
5,1993,3,10040.30
5,1993,4,10203.84
5,1993,5,5465.16
5,1993,6,8590.97
5,1993,7,20372.53
5,1993,8,35160.70
5,1993,9,22221.02
5,1993,10,17313.81
5,1993,11,5081.12
5,1993,12,3994.59
5,1994,1,6127.08
5,1994,2,4236.46
5,1994,3,3949.95
5,1994,4,11617.43
5,1994,5,4959.43
5,1994,6,15456.86
5,1994,7,38987.75
5,1994,8,33299.47
5,1994,9,38084.53
5,1994,10,16346.38
5,1994,11,4622.78
5,1994,12,4609.01
6,1985,1,1581.78
6,1985,2,1091.55
6,1985,3,1761.05
6,1985,4,1555.02
6,1985,5,1457.33
6,1985,6,2188.43
6,1985,7,3605.25
6,1985,8,3203.28
6,1985,9,3952.99
6,1985,10,1395.08
6,1985,11,1486.52
6,1985,12,1091.84
6,1986,1,1057.71
6,1986,2,1274.61
6,1986,3,1576.10
6,1986,4,1128.26
6,1986,5,1861.10
6,1986,6,5608.78
6,1986,7,3354.78
6,1986,8,5822.68
6,1986,9,2316.91
6,1986,10,3592.88
6,1986,11,1648.34
6,1986,12,1213.57
6,1987,1,1319.14
6,1987,2,2602.16
6,1987,3,4644.71
6,1987,4,1475.03
6,1987,5,4661.70
6,1987,6,2527.75
6,1987,7,4790.27
6,1987,8,3994.06
6,1987,9,2927.16
6,1987,10,1315.72
6,1987,11,1579.75
6,1987,12,1015.74
6,1988,1,1460.05
6,1988,2,1239.84
6,1988,3,1536.58
6,1988,4,1725.06
6,1988,5,1618.53
6,1988,6,1195.23
6,1988,7,3002.03
6,1988,8,12844.48
6,1988,9,13586.50
6,1988,10,1661.11
6,1988,11,2316.56
6,1988,12,932.84
6,1989,1,1032.71
6,1989,2,822.36
6,1989,3,1233.31
6,1989,4,5312.86
6,1989,5,1331.60
6,1989,6,4223.18
6,1989,7,4768.72
6,1989,8,7299.78
6,1989,9,9485.91
6,1989,10,1503.35
6,1989,11,1235.60
6,1989,12,1543.84
6,1990,1,871.93
6,1990,2,1500.10
6,1990,3,968.17
6,1990,4,1048.01
6,1990,5,1710.01
6,1990,6,5550.29
6,1990,7,4041.22
6,1990,8,4840.31
6,1990,9,2389.69
6,1990,10,1182.15
6,1990,11,2928.62
6,1990,12,1005.95
6,1991,1,1294.20
6,1991,2,1108.18
6,1991,3,2728.63
6,1991,4,2609.15
6,1991,5,4023.63
6,1991,6,3764.38
6,1991,7,5446.08
6,1991,8,4469.60
6,1991,9,2192.64
6,1991,10,892.88
6,1991,11,1086.77
6,1991,12,797.83
6,1992,1,942.07
6,1992,2,1380.11
6,1992,3,2328.90
6,1992,4,2730.25
6,1992,5,882.54
6,1992,6,10622.50
6,1992,7,3755.97
6,1992,8,6286.16
6,1992,9,2649.22
6,1992,10,1724.28
6,1992,11,942.48
6,1992,12,899.65
6,1993,1,2213.44
6,1993,2,1366.17
6,1993,3,1892.66
6,1993,4,2020.96
6,1993,5,1245.99
6,1993,6,2097.34
6,1993,7,4654.14
6,1993,8,5982.05
6,1993,9,3227.65
6,1993,10,2443.68
6,1993,11,1161.87
6,1993,12,729.41
6,1994,1,1315.93
6,1994,2,984.98
6,1994,3,947.82
6,1994,4,2142.94
6,1994,5,1067.25
6,1994,6,4835.33
6,1994,7,6933.25
6,1994,8,6748.00
6,1994,9,5394.89
6,1994,10,2548.43
6,1994,11,1011.83
6,1994,12,1012.40
7,1985,1,12790.77
7,1985,2,11209.29
7,1985,3,19892.02
7,1985,4,14042.73
7,1985,5,21165.88
7,1985,6,20502.76
7,1985,7,40642.61
7,1985,8,60252.05
7,1985,9,70203.17
7,1985,10,19462.78
7,1985,11,15487.14
7,1985,12,10621.48
7,1986,1,10422.84
7,1986,2,11754.48
7,1986,3,15420.33
7,1986,4,11673.41
7,1986,5,13809.43
7,1986,6,34803.92
7,1986,7,67543.83
7,1986,8,110553.83
7,1986,9,37287.46
7,1986,10,21285.48
7,1986,11,14748.04
7,1986,12,11280.06
7,1987,1,16394.38
7,1987,2,16551.41
7,1987,3,72561.31
7,1987,4,33165.30
7,1987,5,66153.62
7,1987,6,17295.10
7,1987,7,55288.77
7,1987,8,45181.96
7,1987,9,27690.06
7,1987,10,13827.75
7,1987,11,18018.49
7,1987,12,10758.63
7,1988,1,9142.92
7,1988,2,10949.03
7,1988,3,30543.41
7,1988,4,13835.72
7,1988,5,13213.82
7,1988,6,10980.58
7,1988,7,33764.66
7,1988,8,141502.78
7,1988,9,294950.53
7,1988,10,25457.80
7,1988,11,27467.12
7,1988,12,8814.14
7,1989,1,9480.38
7,1989,2,9962.61
7,1989,3,12225.20
7,1989,4,26875.03
7,1989,5,12699.38
7,1989,6,26717.95
7,1989,7,35868.38
7,1989,8,96692.58
7,1989,9,148311.19
7,1989,10,23909.56
7,1989,11,12866.64
7,1989,12,10113.01
7,1990,1,10670.70
7,1990,2,14098.16
7,1990,3,12237.14
7,1990,4,10393.39
7,1990,5,15891.19
7,1990,6,28361.18
7,1990,7,31503.38
7,1990,8,43567.79
7,1990,9,23318.86
7,1990,10,19230.69
7,1990,11,19607.57
7,1990,12,12976.60
7,1991,1,24241.64
7,1991,2,21625.53
7,1991,3,24270.42
7,1991,4,19732.70
7,1991,5,77522.21
7,1991,6,135982.94
7,1991,7,148396.87
7,1991,8,73757.83
7,1991,9,17723.26
7,1991,10,17080.56
7,1991,11,7467.25
7,1991,12,6629.86
7,1992,1,7567.51
7,1992,2,11762.64
7,1992,3,17413.45
7,1992,4,24570.57
7,1992,5,10472.40
7,1992,6,130392.82
7,1992,7,63937.14
7,1992,8,166012.69
7,1992,9,41529.14
7,1992,10,31961.84
7,1992,11,8841.02
7,1992,12,7909.94
7,1993,1,46904.00
7,1993,2,21391.09
7,1993,3,47857.64
7,1993,4,33221.67
7,1993,5,12199.77
7,1993,6,20336.16
7,1993,7,28432.03
7,1993,8,34787.21
7,1993,9,45330.96
7,1993,10,22547.49
7,1993,11,18488.38
7,1993,12,13443.68
7,1994,1,14594.03
7,1994,2,10299.80
7,1994,3,13735.67
7,1994,4,20341.56
7,1994,5,13478.61
7,1994,6,66920.42
7,1994,7,88102.39
7,1994,8,115492.10
7,1994,9,101084.70
7,1994,10,30386.56
7,1994,11,15508.50
7,1994,12,14196.37
